item_id	i_genre_c	i_title_c
1	145	2882
844	115	1504
1785	206	1216
2633	185	2986
2731	176	960
2826	63	1278
2891	206	2448
2959	106	2862
3031	1	2714
2	37	1163
95	187	123
167	195	821
274	144	238
355	238	2021
434	29	690
509	259	511
599	251	2491
666	295	1040
742	176	39
845	1	1862
950	47	1114
1052	224	640
1127	295	191
1228	257	2241
1323	251	1609
1412	238	2098
1504	238	2040
1603	287	2165
1690	138	580
1786	238	2524
1879	238	708
1968	257	2915
2126	161	212
2220	251	509
2309	238	728
2397	234	41
2496	176	1457
2586	206	601
2634	238	681
2640	261	2372
2650	57	732
2661	238	2360
2669	2	1874
2679	185	2854
2690	251	1365
2700	233	2497
2709	153	2208
2720	251	3034
2732	233	2955
2753	176	1824
2763	238	1582
2773	160	329
2783	238	1107
2801	238	1333
2808	251	2238
2827	115	1427
2835	259	918
2844	238	1883
2848	176	802
2856	206	2928
2862	176	342
2867	292	1603
2880	206	1057
2885	176	1061
2892	46	1075
2900	1	931
2908	185	1528
2914	245	1850
2920	251	280
2934	292	2478
2943	234	1994
2947	238	671
2956	259	1513
2960	238	3044
2971	221	2807
2975	238	161
2979	238	2072
2989	185	1597
2996	251	151
3002	126	3049
3010	160	845
3016	176	356
3023	92	1993
3052	259	1767
3063	206	2958
3073	238	275
3084	92	459
3095	176	1415
3106	238	1264
3118	234	1287
3	259	575
13	176	414
24	176	1892
35	295	2942
44	176	1251
52	251	450
61	185	2026
70	111	1912
96	73	433
102	259	2771
110	16	2432
119	247	286
134	234	157
140	215	3120
149	206	1403
178	238	424
189	206	408
199	248	563
209	238	2657
220	176	1010
231	115	1981
252	234	1511
263	206	2188
286	295	1468
310	176	813
321	234	1079
356	251	2949
364	176	344
387	176	465
395	1	227
403	106	111
411	238	256
419	238	208
428	224	110
435	238	168
443	254	2386
450	271	46
456	10	261
461	238	294
469	261	317
475	176	390
482	213	494
488	106	512
499	238	595
510	28	626
519	260	663
529	234	678
538	84	761
543	227	770
554	92	780
563	185	804
581	20	990
591	112	1051
600	63	1228
606	176	1480
612	87	1493
620	33	1499
627	176	1514
634	238	1533
643	176	1656
648	271	1671
654	176	1685
667	176	1730
674	41	1828
680	251	1870
686	295	1924
694	238	1959
701	292	1976
708	176	2017
716	176	2136
723	271	2275
733	176	2335
743	295	2449
750	238	2468
770	238	2539
780	238	2581
791	187	2606
802	275	2631
813	238	2675
824	62	2699
834	245	2934
855	238	2828
866	251	2873
877	176	2859
886	1	2937
897	185	2945
908	234	2948
917	251	2989
928	2	3006
939	238	3046
951	297	3061
962	238	466
982	238	478
993	238	287
1004	251	285
1015	176	340
1025	259	218
1035	185	425
1046	238	687
1065	251	570
1068	176	592
1075	187	801
1083	259	788
1101	1	833
1119	259	743
1128	259	800
1137	176	842
1146	185	857
1156	238	914
1166	176	910
1176	185	859
1185	206	1056
1195	206	1037
1206	106	945
1217	148	1177
1229	295	1307
1240	167	1013
1251	245	952
1288	234	1342
1297	240	1283
1306	176	1360
1312	251	1407
1324	160	1286
1334	1	1376
1343	206	1397
1354	243	1441
1361	238	1479
1368	176	1484
1377	210	1510
1386	286	1515
1395	109	1529
1404	224	1557
1413	24	2669
1419	238	1651
1428	167	1645
1438	238	1579
1457	251	1632
1466	255	1612
1477	176	1726
1487	238	1644
1495	238	1933
1505	251	1687
1514	238	1677
1524	238	1720
1535	243	1768
1554	176	1852
1564	206	1832
1573	238	1839
1582	176	1813
1592	238	1936
1604	259	1916
1614	238	2027
1622	238	1974
1630	216	1984
1671	92	1968
1681	206	2084
1691	216	2073
1701	295	2212
1709	71	2107
1720	222	2270
1729	206	2157
1740	206	2292
1747	216	2281
1756	238	2123
1766	176	2290
1775	238	2253
1787	238	2302
1795	251	2186
1805	251	2295
1813	39	2300
1824	185	2417
1832	176	2328
1839	238	2822
1849	238	2821
1860	238	2823
1868	238	2338
1898	176	2710
1907	144	2738
1916	238	2488
1926	1	2630
1935	33	2673
1943	162	2459
1952	238	2525
1960	295	2520
1969	270	2736
1976	238	2702
1984	185	2743
1993	176	2720
2003	176	1966
2014	238	2857
2025	50	2764
2033	271	2754
2042	33	2664
2046	195	2757
2055	238	2860
2062	275	2975
2070	176	2865
2076	238	2961
2085	286	2941
2093	261	2993
2103	238	3029
2109	292	2978
2116	206	3042
2127	126	3000
2137	238	807
2146	206	1919
2157	159	216
2167	176	38
2176	185	52
2185	245	225
2193	238	347
2203	176	475
2211	37	590
2221	250	593
2232	187	641
2242	176	668
2251	84	673
2260	238	602
2269	160	1007
2279	209	1038
2286	206	1041
2293	238	1314
2300	187	1386
2310	43	1387
2317	251	1455
2327	118	1507
2337	234	3094
2345	152	1637
2352	238	1640
2358	271	3019
2365	180	1770
2376	55	1779
2386	238	1897
2398	176	1962
2409	185	2125
2420	185	2331
2429	295	2339
2440	160	2373
2450	238	2451
2459	92	2380
2469	84	2634
2475	206	2633
2486	86	2843
2497	13	2904
2507	238	3036
2516	243	3087
2524	297	3104
2535	1	228
2553	238	2443
2563	43	1705
2572	238	421
2579	254	608
2587	47	955
2595	216	1473
2606	106	2484
2617	1	2703
2624	1	607
2635	86	1316
2636	238	967
2637	277	1419
2638	238	28
2639	238	34
2641	176	43
2642	238	63
2643	176	72
2644	176	71
2645	212	160
2646	297	229
2647	206	250
2648	238	288
2649	176	313
2651	43	314
2652	106	349
2653	295	369
2654	92	380
2655	238	383
2656	251	387
2657	276	399
2658	283	418
2659	238	462
2660	176	489
2662	216	504
2663	214	577
2664	176	588
2665	16	594
2666	210	624
2667	259	611
2668	43	648
2670	206	716
2671	176	724
2672	86	756
2673	234	881
2674	206	898
2675	176	958
2676	251	949
2677	238	966
2678	176	965
2680	185	3082
2681	248	1003
2682	238	3058
2683	176	1025
2684	259	987
2685	112	1050
2686	238	1060
2687	92	1080
2688	262	1109
2689	1	1116
2691	251	1143
2692	2	1169
2693	224	1219
2694	18	1257
2695	73	1280
2696	54	1348
2697	176	1653
2698	206	886
2699	251	1357
2701	206	1371
2702	185	1394
2703	213	1414
2704	92	1418
2705	238	1420
2706	185	1433
2707	238	3030
2708	1	1500
2710	33	1512
2711	259	1517
2712	295	1540
2713	238	1554
2714	106	1587
2715	43	1588
2716	176	1626
2717	214	1631
2718	238	1710
2719	176	1718
2721	295	1729
2722	238	1738
2723	202	1749
2724	57	1802
2725	92	909
2726	238	1421
2727	187	3026
2728	206	1899
2729	251	1885
2730	206	1891
2733	176	1895
2734	238	1960
2735	41	1989
2736	238	1983
2737	86	2022
2738	176	2029
2739	238	2094
2740	64	2162
2741	238	2180
2742	251	2183
2743	238	2209
2744	64	2271
2745	275	2387
2746	203	2304
2747	176	2344
2748	238	2347
2749	190	2349
2750	66	2377
2751	176	2384
2752	292	2393
2754	176	2389
2755	233	2409
2756	64	2412
2757	238	2427
2758	238	2428
2759	238	2452
2760	261	2471
2761	238	2474
2762	238	2483
2764	167	2486
2765	181	2493
2766	1	2507
2767	251	2508
2768	238	2537
2769	238	2546
2770	185	2554
2771	238	2558
2772	206	2568
2774	295	2575
2775	268	361
2776	176	2609
2777	208	2589
2778	1	2706
2779	8	2724
2780	37	2734
2781	1	2780
2782	234	2812
2784	206	2830
2785	163	2006
2786	9	2826
2787	297	2863
2788	295	2893
2789	61	2905
2790	234	2997
2791	4	2114
2792	238	270
2793	295	1536
2794	185	3018
2795	238	1108
2796	176	541
2797	271	667
2798	238	1535
2799	185	320
2800	160	1638
2802	185	2573
2803	238	3013
2804	238	565
2805	185	2627
2806	160	1647
2807	106	145
2809	238	2260
2810	234	526
2811	185	735
2812	176	427
2813	160	1329
2814	208	1117
2815	146	79
2816	87	2781
2817	130	704
2818	17	260
2819	259	2542
2820	152	2587
2821	152	278
2822	144	2192
2823	206	2249
2824	176	3071
2825	297	3062
2828	295	1699
2829	234	1196
2830	176	486
2831	251	2076
2832	271	498
2833	224	951
2834	106	1335
2836	5	1285
2837	76	1293
2838	176	2119
2839	251	1472
2840	238	435
2841	144	177
2842	238	1011
2843	176	858
2845	238	1938
2846	259	1598
2847	259	2254
2849	152	96
2850	296	1585
2851	176	757
2852	185	937
2853	176	2505
2854	287	1463
2855	176	1130
2857	259	774
2858	238	1975
2859	261	646
2860	27	1847
2861	185	606
2863	238	1857
2864	23	822
2865	176	861
2866	233	2288
2868	152	1471
2869	295	963
2870	176	1534
2871	296	2940
2872	1	378
2873	238	2141
2874	238	165
2875	238	3100
2876	210	1954
2877	98	2624
2878	138	249
2879	259	2599
2881	291	107
2882	215	589
2883	238	1458
2884	15	2088
2886	206	1898
2887	87	2598
2888	1	2713
2889	286	2901
2890	251	968
2893	176	153
2894	238	929
2895	2	2299
2896	176	643
2897	228	1901
2898	206	2908
2899	144	2058
2901	176	527
2902	106	1008
2903	297	727
2904	238	1346
2905	215	2748
2906	210	2980
2907	176	1902
2909	143	2995
2910	234	1266
2911	243	651
2912	176	1205
2913	176	605
2915	286	1282
2916	37	2394
2917	195	529
2918	31	2921
2919	86	248
2921	158	1121
2922	277	2808
2923	176	2644
2924	155	599
2925	264	1033
2926	176	2711
2927	87	183
2928	294	818
2929	176	503
2930	185	1866
2931	106	1157
2932	167	1543
2933	234	1783
2935	296	2650
2936	96	2177
2937	177	2708
2938	251	1284
2939	185	1461
2940	238	1390
2941	238	1190
2942	234	1760
2944	185	2972
2945	238	2886
2946	251	3
2948	90	1425
2949	238	2679
2950	295	938
2951	152	1373
2952	176	490
2953	176	1555
2954	92	888
2955	194	2045
2957	37	720
2958	195	1074
2961	247	1664
2962	160	1261
2963	251	2179
2964	287	2994
2965	206	2529
2966	238	2842
2967	238	113
2968	206	2350
2969	106	81
2970	2	1002
2972	176	316
2973	176	1586
2974	176	2968
2976	238	1523
2977	106	51
2978	200	1492
2980	176	991
2981	238	2693
2982	259	2319
2983	176	1313
2984	238	1043
2985	37	532
2986	160	1775
2987	187	873
2988	92	674
2990	176	1351
2991	271	921
2992	271	2755
2993	238	1009
2994	238	2640
2995	34	891
2997	216	692
2998	238	257
2999	206	2844
3000	238	235
3001	57	1146
3003	176	1784
3004	92	2725
3005	238	1750
3006	176	524
3007	185	3059
3008	222	415
3009	215	1519
3011	176	1165
3012	238	2037
3013	1	2222
3014	238	1134
3015	271	2346
3017	292	1450
3018	160	989
3019	259	2896
3020	168	401
3021	1	474
3022	144	1583
3024	277	1237
3025	187	2913
3026	238	1879
3027	238	3064
3028	141	1027
3029	206	2181
3030	279	2550
3032	279	129
3033	200	1087
3034	251	439
3035	286	2966
3036	286	2332
3037	176	1456
3038	286	1098
3039	201	1101
3040	259	2031
3041	185	166
3042	177	2601
3043	204	537
3044	254	510
3045	265	1731
3046	279	1935
3047	206	2447
3048	206	2406
3049	167	1646
3050	278	1794
3051	113	3086
3053	254	1167
3054	176	1939
3055	264	2722
3056	238	572
3057	249	16
3058	136	1161
3059	238	93
3060	176	3092
3061	288	2333
3062	295	1035
3064	267	2038
3065	283	2636
3066	287	57
3067	208	2853
3068	176	959
3069	200	243
3070	206	2019
3071	206	1700
3072	278	1127
3074	2	53
3075	96	1758
3076	226	1601
3077	251	1119
3078	238	1681
3079	201	2868
3080	190	2852
3081	176	1947
3082	238	1126
3083	238	853
3085	282	2802
3086	176	1319
3087	120	182
3088	238	1459
3089	238	1890
3090	176	455
3091	251	2155
3092	238	2467
3093	202	1578
3094	238	2051
3096	216	149
3097	238	1641
3098	216	2797
3099	278	1438
3100	297	148
3101	295	19
3102	238	2990
3103	297	2109
3104	275	2002
3105	32	59
3107	185	272
3108	238	517
3109	238	1793
3110	251	83
3111	289	950
3112	238	382
3113	238	2184
3114	185	2228
3115	106	1014
3116	251	370
3117	185	1183
3119	37	1782
3120	261	1815
3121	238	334
3122	74	1593
3123	259	520
3124	56	2496
3125	215	12
4	215	686
5	176	860
6	259	916
7	92	1139
8	160	696
9	238	533
10	166	171
11	297	717
12	115	894
14	160	1688
15	107	1301
16	167	2057
17	167	2131
18	161	2224
19	106	1336
20	160	2515
21	106	2746
22	164	2789
23	116	14
25	176	638
26	160	152
27	152	568
28	144	3076
29	152	2820
30	144	2749
31	167	2588
32	238	2390
33	163	1766
34	152	843
36	101	2169
37	117	281
38	152	85
39	144	1042
40	215	1054
41	278	2618
42	92	778
43	87	1604
45	238	2489
46	176	2792
47	251	2855
48	238	2733
49	251	277
50	92	1667
51	2	1120
53	235	1670
54	238	2890
55	216	2028
56	238	1115
57	238	1498
58	201	903
59	238	348
60	251	3068
62	185	2745
63	216	2566
64	238	1494
65	145	80
66	201	2518
67	201	700
68	225	670
69	270	1918
71	108	3070
72	295	1434
73	210	2565
74	213	242
75	176	992
76	176	1868
77	200	2971
78	238	495
79	200	1203
80	216	406
81	126	2056
82	286	775
83	278	1716
84	279	785
85	233	2359
86	261	2200
87	176	3015
88	286	255
89	245	805
90	254	682
91	238	1138
92	238	2615
93	169	848
94	238	559
97	82	722
98	82	2867
99	238	2334
100	238	2704
101	271	552
103	234	1817
104	64	2122
105	176	194
106	238	1084
107	238	2551
108	238	868
109	238	837
111	238	2156
112	234	2159
113	238	2064
114	176	2366
115	192	831
116	34	37
117	271	1019
118	34	892
120	271	1369
121	238	1478
122	238	1751
123	176	2263
124	176	1867
125	234	698
126	234	1636
127	234	3035
128	154	3102
129	238	2364
130	155	962
131	228	1270
132	264	2323
133	264	2750
135	238	2845
136	176	2431
137	238	1835
138	176	736
139	234	114
141	176	394
142	187	569
143	238	634
144	210	754
145	238	810
146	238	876
147	261	2142
148	217	1212
150	176	1273
151	254	885
152	213	1791
153	238	1942
154	238	2504
155	238	2137
156	206	2705
157	234	2801
158	238	2835
159	234	1721
160	234	2134
161	238	2077
162	176	2951
163	21	2670
164	13	2259
165	2	2307
166	291	434
168	88	90
169	95	1173
170	176	3083
171	238	9
172	141	1605
173	40	2887
174	291	597
175	238	2856
176	261	167
177	297	2071
179	30	2671
180	187	3074
181	286	2809
182	216	1174
183	77	86
184	12	181
185	136	324
186	261	2317
187	92	1538
188	277	2276
190	49	392
191	57	1147
192	73	1081
193	154	1186
194	261	1296
195	238	109
196	206	2301
197	224	2070
198	238	2306
200	206	158
201	238	2376
202	284	2651
203	73	393
204	177	2691
205	176	1260
206	185	2907
207	238	2502
208	176	1658
210	87	2782
211	195	429
212	73	1140
213	185	2421
214	187	1748
215	238	1833
216	238	731
217	251	1184
218	228	2876
219	295	2014
221	261	449
222	238	25
223	266	556
224	257	719
225	96	2889
226	195	232
227	213	838
228	176	311
229	271	2534
230	121	2653
232	228	1708
233	11	905
234	141	1198
235	261	752
236	67	791
237	206	1215
238	297	2943
239	270	1747
240	238	2282
241	205	184
242	210	222
243	238	1070
244	261	2145
245	185	814
246	105	78
247	2	1315
248	185	637
249	68	693
250	195	3117
251	185	2003
253	238	2311
254	176	1197
255	152	941
256	297	1311
257	265	336
258	176	1279
259	251	2607
260	19	296
261	186	2814
262	237	1564
264	251	2600
265	2	1428
266	176	290
267	238	1095
268	213	1709
269	238	2935
270	251	2416
271	176	2330
272	246	2191
273	261	1539
275	238	1945
276	291	1031
277	238	973
278	96	1737
279	55	482
280	238	2135
281	257	2946
282	206	3033
283	234	1381
284	238	970
285	176	1395
287	77	91
288	271	127
289	271	132
290	271	131
291	271	374
292	195	173
293	271	199
294	277	291
295	271	345
296	275	371
297	271	396
298	271	398
299	274	430
300	271	445
301	271	479
302	271	497
303	295	500
304	270	499
305	271	508
306	271	515
307	271	2011
308	271	2032
309	271	2033
311	271	2062
312	238	372
313	233	82
314	206	1840
315	238	442
316	277	2013
317	33	2663
318	251	2533
319	259	2572
320	107	1489
322	234	2128
323	238	1097
324	238	2244
325	238	2375
326	238	675
327	160	8
328	92	779
329	33	2666
330	33	2662
331	33	2661
332	33	2667
333	33	2659
334	33	2660
335	10	262
336	55	3118
337	55	3119
338	201	1193
339	201	1194
340	64	1759
341	1	2936
342	75	1475
343	75	1476
344	75	1477
345	176	1940
346	53	1763
347	185	573
348	251	1485
349	176	2314
350	185	2846
351	223	2584
352	238	258
353	289	1411
354	238	1765
357	238	1125
358	216	1995
359	154	279
360	238	694
361	277	2475
362	85	1600
363	206	1814
365	185	899
366	238	1241
367	238	2602
368	238	3055
369	176	1878
370	221	2800
371	245	906
372	238	2236
373	238	2992
374	234	1806
375	234	1191
376	286	1915
377	238	1277
378	176	975
379	295	2911
380	238	146
381	1	1466
382	43	315
383	1	1809
384	238	528
385	92	709
386	176	1795
388	176	134
389	206	300
390	238	2247
391	213	1786
392	176	1563
393	215	1211
394	176	2985
396	296	2262
397	206	273
398	176	2712
399	176	2166
400	206	1021
401	287	2875
402	286	36
404	164	2790
405	176	2963
406	206	2791
407	282	1680
408	238	2423
409	216	803
410	206	410
412	233	579
413	45	306
414	160	1509
415	287	1518
416	185	2264
417	287	1691
418	84	2453
420	71	2580
421	185	2960
422	259	652
423	282	723
424	176	1618
425	245	2490
426	72	773
427	152	519
429	287	1698
430	251	155
431	1	811
432	251	1443
433	37	135
436	177	1214
437	287	1559
438	176	27
439	238	1325
440	261	2129
441	238	2888
442	238	97
444	176	30
445	176	2413
446	259	2981
447	176	554
448	176	201
449	92	436
451	61	2909
452	7	3001
453	176	961
454	86	976
455	238	2041
457	238	1676
458	238	2273
459	251	1701
460	176	2519
462	206	45
463	187	432
464	34	1683
465	238	2229
466	176	2472
467	167	2532
468	251	2424
470	206	2892
471	112	467
472	37	621
473	251	2189
474	84	2635
476	16	259
477	238	824
478	206	2419
479	212	1271
480	99	1302
481	206	1927
483	291	2785
484	206	3037
485	238	630
486	87	928
487	238	1092
489	14	1801
490	176	2105
491	106	3060
492	170	2547
493	257	629
494	176	1693
495	73	1091
496	2	622
497	160	1106
498	219	639
500	80	900
501	34	2629
502	160	68
503	206	2187
504	238	1416
505	238	502
506	79	628
507	224	762
508	1	2683
511	251	2528
512	217	1340
513	292	1834
514	43	1861
515	136	908
516	2	1569
517	92	70
518	238	11
520	92	1375
521	238	1950
522	176	1556
523	238	2658
524	176	1409
525	140	863
526	93	2149
527	227	1572
528	261	2501
530	224	1558
531	238	2616
532	271	3081
533	238	2817
534	286	1094
535	71	982
536	59	2929
537	206	1773
539	295	193
540	238	2933
541	238	1398
542	251	542
544	176	1364
545	176	1082
546	185	1426
547	251	1893
548	273	1385
549	230	771
550	176	2395
551	233	2203
552	189	1356
553	234	954
555	238	3002
556	238	2777
557	258	1100
558	168	932
559	271	2178
560	287	2742
561	234	3095
562	288	1623
564	238	897
565	295	2747
566	215	1096
567	176	2707
568	176	269
569	287	1372
570	64	1712
571	238	2079
572	287	2763
573	261	3017
574	215	744
575	238	2310
576	238	407
577	253	3085
578	36	2676
579	176	664
580	238	1497
582	251	2571
583	2	1875
584	238	2906
585	253	3075
586	287	1894
587	233	2336
588	92	1464
589	152	137
590	202	1734
592	76	89
593	275	87
594	238	130
595	238	169
596	238	186
597	261	301
598	238	483
601	185	747
602	162	1012
603	176	1026
604	238	1172
605	160	1331
607	179	1821
608	160	1880
609	295	2053
610	277	2476
611	238	2739
613	251	2850
614	84	2866
615	238	864
616	238	2240
617	238	1345
618	238	3078
619	216	1465
621	238	1570
622	176	1886
623	182	332
624	251	61
625	185	1946
626	251	1199
628	234	176
629	37	986
630	176	2492
631	185	2984
632	269	711
633	287	1606
635	116	2656
636	92	1256
637	176	1230
638	81	934
639	287	2535
640	271	2274
641	238	706
642	238	1039
644	200	2638
645	76	751
646	251	1922
647	92	2351
649	288	210
650	271	1996
651	49	391
652	206	3014
653	139	2637
655	234	209
656	266	2121
657	185	188
658	56	1553
659	64	1800
660	216	2917
661	92	2931
662	185	1697
663	234	902
664	295	1379
665	216	2718
668	68	1742
669	216	1986
670	220	3065
671	107	2146
672	238	636
673	178	1243
675	238	2255
676	238	1992
677	161	3057
678	238	2251
679	185	2923
681	206	2046
682	212	1334
683	64	2201
684	184	335
685	251	557
687	87	1684
688	71	1804
689	259	2626
690	287	578
691	238	1589
692	176	2048
693	176	1941
695	238	1269
696	259	1129
697	238	1652
698	212	3124
699	238	2015
700	108	412
702	206	1560
703	176	1566
704	236	1571
705	176	2329
706	43	1888
707	238	2770
709	238	536
710	275	2632
711	176	1725
712	234	3063
713	43	330
714	2	2768
715	92	352
717	185	703
718	238	1851
719	206	2689
720	176	596
721	70	750
722	238	1247
724	238	1602
725	100	2297
726	86	1152
727	176	476
728	185	964
729	185	2090
730	120	106
731	187	1344
732	295	1436
734	286	2160
735	238	318
736	123	2557
737	187	493
738	176	647
739	251	1309
740	261	1584
741	126	2138
744	238	547
745	251	825
746	185	1295
747	206	1884
748	144	1900
749	285	3105
751	44	1392
752	176	794
753	61	2103
754	247	2185
755	185	2582
756	47	470
757	34	179
758	45	1617
759	160	1719
760	151	2577
761	292	2182
762	238	3031
763	176	2796
764	275	2198
765	254	3073
766	278	457
767	296	98
768	297	567
769	238	1187
771	96	1925
772	278	1206
773	238	1625
774	176	3114
775	238	1361
776	261	1896
777	176	1156
778	238	1682
779	261	307
781	238	1105
782	238	1238
783	238	100
784	238	1207
785	254	1076
786	216	2069
787	251	1764
788	279	3021
789	176	2861
790	238	1740
792	247	1417
793	278	2059
794	238	1818
795	58	1055
796	64	2398
797	238	1565
798	238	2091
799	238	538
800	185	2783
801	251	2102
803	261	1592
804	238	2309
805	238	830
806	176	2751
807	247	1561
808	210	2353
809	176	1812
810	115	1574
811	185	438
812	271	2010
814	271	2007
815	271	2008
816	271	2009
817	271	1048
818	271	1062
819	271	1063
820	271	1064
821	271	1069
822	271	1065
823	271	1066
825	271	1067
826	271	1068
827	271	1231
828	271	1234
829	271	1235
830	271	1232
831	271	1233
832	271	2272
833	271	1290
835	271	544
836	271	545
837	271	546
838	277	2225
839	277	2226
840	277	2227
841	271	913
842	271	911
843	271	912
846	45	1614
847	45	1615
848	45	1616
849	195	1209
850	195	1210
851	115	1178
852	29	1769
853	176	2223
854	292	2622
856	291	1811
857	210	223
858	211	224
859	2	2237
860	160	1047
861	162	35
862	166	170
863	171	214
864	144	240
865	64	2500
867	251	707
868	263	844
869	238	1599
870	57	1148
871	247	2320
872	251	1663
873	277	790
874	177	1722
875	73	2465
876	206	341
878	160	1
879	160	251
880	144	351
881	291	353
882	160	358
883	160	364
884	107	496
885	165	516
887	160	620
888	6	623
889	160	695
890	115	710
891	176	769
892	114	946
893	119	1006
894	159	1141
895	144	1201
896	200	1249
898	107	1299
899	107	1300
900	160	1322
901	165	1337
902	110	1338
903	214	1347
904	106	1412
905	106	1422
906	92	1973
907	167	2132
909	176	211
910	251	1181
911	184	2404
912	187	2289
913	264	2104
914	254	795
915	238	940
916	238	2897
918	238	2778
919	238	143
920	176	4
921	176	939
922	238	1997
923	261	1803
924	247	389
925	106	1496
926	146	1506
927	167	1532
929	147	1577
930	147	1642
931	160	1825
932	174	1910
933	174	1985
934	144	7
935	239	2078
936	150	2170
937	122	2231
938	144	2357
940	144	2358
941	175	2362
942	152	2363
943	116	2369
944	33	2396
945	160	2514
946	152	2567
947	173	2604
948	160	2611
949	101	2614
952	193	2641
953	126	2646
954	146	2682
955	106	2759
956	238	2786
957	24	2898
958	261	2744
959	277	1236
960	206	1573
961	176	1483
963	183	730
964	176	1744
965	216	1185
966	277	1192
967	238	2112
968	2	1429
969	102	1673
970	257	2018
971	277	734
972	271	1781
973	243	1972
974	277	684
975	277	550
976	144	95
977	176	44
978	251	901
979	60	2583
980	176	2450
981	234	2454
983	221	197
984	238	203
985	238	3051
986	120	47
987	176	3016
988	134	793
989	176	2044
990	144	540
991	149	3005
992	144	2487
994	172	713
995	145	125
996	145	126
997	132	1610
998	176	2560
999	187	2250
1000	251	2647
1001	238	583
1002	195	1350
1003	195	1352
1005	176	1150
1006	176	1149
1007	160	69
1008	2	206
1009	251	1363
1010	176	2576
1011	185	305
1012	287	534
1013	229	1298
1014	229	1297
1016	277	2420
1017	115	1982
1018	115	1980
1019	195	198
1020	238	3122
1021	251	2370
1022	25	360
1023	251	701
1024	176	729
1026	43	3103
1027	187	1990
1028	133	1970
1029	192	284
1030	251	847
1031	295	2418
1032	212	936
1033	295	1058
1034	295	2869
1036	295	2872
1037	295	1761
1038	242	3101
1039	295	1736
1040	286	2900
1041	295	1383
1042	270	2701
1043	286	2648
1044	238	23
1045	143	1388
1047	238	3056
1048	23	3069
1049	57	2947
1050	176	787
1051	238	984
1053	238	2127
1054	260	1627
1055	270	2506
1056	295	2446
1057	176	1881
1058	286	2735
1059	204	1576
1060	295	2445
1061	295	2485
1062	295	1735
1063	206	2371
1064	286	1917
1066	295	359
1067	295	1660
1069	216	2426
1070	292	683
1071	238	2544
1072	238	3084
1073	185	2498
1074	185	2741
1076	238	1929
1077	176	585
1078	187	456
1079	185	3098
1080	176	1762
1081	187	2466
1082	176	1928
1084	238	1799
1085	185	1304
1086	48	2884
1087	176	3116
1088	275	2130
1089	206	2024
1090	206	363
1091	56	3079
1092	176	2074
1093	187	33
1094	295	2503
1095	238	3012
1096	120	2035
1097	206	484
1098	286	1876
1099	216	972
1100	238	1424
1102	238	2164
1103	238	2081
1104	92	2440
1105	33	2559
1106	238	2596
1107	63	2414
1108	277	2952
1109	215	587
1110	215	1869
1111	185	2150
1112	238	2531
1113	238	244
1114	238	1404
1115	176	974
1116	293	2794
1117	77	2805
1118	185	2202
1120	185	2672
1121	251	865
1122	238	2509
1123	144	162
1124	176	1408
1125	176	1999
1126	251	3024
1129	200	2269
1130	176	1320
1131	176	1932
1132	245	1965
1133	238	1690
1134	238	2563
1135	176	1327
1136	64	2080
1138	238	1829
1139	284	17
1140	238	549
1141	238	870
1142	238	295
1143	277	444
1144	251	2242
1145	176	1250
1147	259	174
1148	176	2205
1149	35	2595
1150	234	677
1151	185	1622
1152	176	2092
1153	271	2756
1154	271	2959
1155	238	118
1157	234	1245
1158	206	1655
1159	238	1151
1160	92	2541
1161	176	3004
1162	238	871
1163	238	2964
1164	273	1391
1165	206	1393
1167	287	1792
1168	238	705
1169	176	1254
1170	22	2437
1171	238	759
1172	292	2685
1173	1	2230
1174	238	2540
1175	212	1859
1177	238	2012
1178	185	326
1179	92	884
1180	145	2429
1181	145	472
1182	176	523
1183	238	531
1184	176	2987
1186	238	522
1187	176	2190
1188	238	1137
1189	86	1153
1190	86	1154
1191	86	1547
1192	25	1545
1193	25	1546
1194	206	763
1196	19	872
1197	176	1004
1198	176	1005
1199	2	2340
1200	185	1223
1201	176	1860
1202	1	2973
1203	275	1628
1204	176	2216
1205	176	2217
1207	176	2218
1208	176	2219
1209	176	2220
1210	176	2221
1211	160	213
1212	206	1332
1213	238	1486
1214	177	2967
1215	251	2681
1216	231	2277
1218	176	1650
1219	233	2545
1220	185	1462
1221	86	2665
1222	156	2256
1223	176	2441
1224	206	2517
1225	238	1772
1226	238	1838
1227	115	2458
1230	167	2243
1231	297	2118
1232	94	2316
1233	1	988
1234	94	2315
1235	13	1488
1236	13	2408
1237	210	603
1238	210	604
1239	64	2400
1241	64	2401
1242	64	2402
1243	64	2403
1244	202	600
1245	27	3121
1246	251	2976
1247	176	221
1248	185	1276
1249	176	2036
1250	259	917
1252	238	1522
1253	19	1521
1254	19	1520
1255	176	561
1256	206	3115
1257	215	1104
1258	187	2795
1259	73	2803
1260	275	930
1261	112	1827
1262	112	1826
1263	185	2140
1264	238	2686
1265	238	582
1266	238	815
1267	238	1377
1268	176	2772
1269	238	3067
1270	238	58
1271	238	159
1272	262	1305
1273	238	1318
1274	251	2204
1275	238	196
1276	295	1410
1277	185	2962
1278	275	2979
1279	119	1367
1280	271	1099
1281	239	419
1282	275	1016
1283	275	1017
1284	275	1015
1285	43	2439
1286	177	180
1287	271	2788
1289	271	2787
1290	271	1608
1291	271	2367
1292	176	2442
1293	238	292
1294	282	1964
1295	51	1505
1296	206	2153
1298	120	665
1299	120	666
1300	176	2877
1301	176	2617
1302	238	610
1303	81	22
1304	94	1275
1305	214	2819
1307	251	1949
1308	206	2690
1309	199	718
1310	206	2526
1311	244	2152
1313	92	2148
1314	206	2548
1315	176	13
1316	238	1259
1317	234	1590
1318	158	943
1319	206	365
1320	287	1805
1321	210	1937
1322	176	1145
1325	176	1474
1326	238	2047
1327	206	2054
1328	238	172
1329	185	15
1330	295	29
1331	187	2100
1332	176	440
1333	176	867
1335	215	1666
1336	238	236
1337	271	2167
1338	271	2168
1339	271	551
1340	271	558
1341	176	1998
1342	271	1358
1344	238	76
1345	238	77
1346	238	75
1347	259	2405
1348	64	2878
1349	76	104
1350	291	1808
1351	89	3022
1352	33	1661
1353	86	2199
1355	86	297
1356	86	264
1357	86	627
1358	86	893
1359	1	851
1360	176	136
1362	58	642
1363	238	676
1364	183	1659
1365	238	749
1366	271	2305
1367	86	3072
1369	277	1267
1370	259	733
1371	176	1930
1372	276	2974
1373	276	553
1374	176	215
1375	206	1034
1376	144	1549
1378	243	2322
1379	233	2902
1380	238	245
1381	278	1548
1382	144	812
1383	176	849
1384	56	1854
1385	251	133
1387	251	2991
1388	87	1777
1389	206	6
1390	238	2762
1391	176	2106
1392	238	827
1393	185	1810
1394	238	1020
1396	215	1142
1397	206	1978
1398	43	2918
1399	282	635
1400	251	1703
1401	183	1176
1402	176	1621
1403	187	1071
1405	238	1308
1406	176	1865
1407	252	2085
1408	185	2444
1409	206	1679
1410	176	2291
1411	176	869
1414	87	3125
1415	233	887
1416	195	1401
1417	238	1113
1418	238	1552
1420	238	2827
1421	238	3077
1422	238	1831
1423	76	2000
1424	138	1951
1425	56	777
1426	26	1909
1427	176	513
1429	251	2813
1430	251	3108
1431	192	1822
1432	238	60
1433	1	354
1434	187	862
1435	235	883
1436	24	2668
1437	206	1692
1439	238	302
1440	238	2462
1441	274	1907
1442	271	1908
1443	271	1904
1444	271	1905
1445	271	1906
1446	238	1858
1447	33	2727
1448	33	2728
1449	33	2729
1450	33	2730
1451	271	819
1452	271	820
1453	271	1354
1454	271	1355
1455	271	1045
1456	271	2612
1458	271	1122
1459	271	1046
1460	271	688
1461	271	2610
1462	271	3088
1463	275	2766
1464	197	2399
1465	184	1452
1467	291	2804
1468	291	1453
1469	90	2999
1470	291	1451
1471	275	1442
1472	291	850
1473	291	1454
1474	291	1856
1475	275	2737
1476	296	2232
1478	296	2434
1479	206	2039
1480	258	2811
1481	238	895
1482	238	1678
1483	187	2916
1484	259	1439
1485	234	469
1486	238	760
1488	207	1049
1489	238	1633
1490	176	202
1491	247	2342
1492	144	2767
1493	259	1102
1494	234	1110
1496	176	1399
1497	238	1611
1498	61	2433
1499	234	2891
1500	176	328
1501	176	783
1502	187	1952
1503	52	175
1506	154	2621
1507	91	3066
1508	238	2721
1509	251	1704
1510	176	120
1511	295	178
1512	287	204
1513	160	1913
1515	271	362
1516	238	1944
1517	238	920
1518	277	1581
1519	238	3097
1520	195	1123
1521	195	1124
1522	176	832
1523	277	1268
1525	6	1437
1526	287	2895
1527	87	748
1528	9	1953
1529	206	2436
1530	238	2919
1531	225	1542
1532	264	1537
1533	238	2628
1534	238	1662
1536	238	254
1537	238	20
1538	238	1502
1539	120	2970
1540	238	1877
1541	9	1160
1542	176	452
1543	1	190
1544	185	661
1545	238	609
1546	92	2023
1547	238	1967
1548	238	2096
1549	238	1846
1550	196	1648
1551	195	1649
1552	2	103
1553	247	1873
1555	185	2303
1556	176	1078
1557	202	2110
1558	295	282
1559	238	1630
1560	1	2996
1561	238	1044
1562	238	2206
1563	176	776
1565	144	1449
1566	295	2561
1567	92	2816
1568	224	2815
1569	185	55
1570	176	1405
1571	176	2687
1572	232	3109
1574	176	417
1575	238	458
1576	176	766
1577	238	84
1578	206	312
1579	238	1272
1580	234	1755
1581	176	1281
1583	195	2321
1584	271	2847
1585	271	2194
1586	271	1771
1587	271	2758
1588	176	1265
1589	271	518
1590	176	142
1591	271	699
1593	271	980
1594	176	74
1595	176	73
1596	195	128
1597	176	896
1598	176	2956
1599	176	1088
1600	192	323
1601	176	2267
1602	176	2268
1605	144	1643
1606	251	2095
1607	84	2779
1608	295	2154
1609	185	560
1610	206	1816
1611	212	2773
1612	86	2944
1613	176	1694
1615	157	2158
1616	92	1413
1617	234	2619
1618	94	1447
1619	94	1448
1620	94	40
1621	295	2824
1623	238	1239
1624	136	1790
1625	234	2067
1626	78	10
1627	292	195
1628	160	839
1629	185	1921
1631	238	488
1632	289	1707
1633	206	2969
1634	92	555
1635	176	2111
1636	206	283
1637	238	3020
1638	295	2688
1639	295	2692
1640	216	303
1641	206	350
1642	247	1837
1643	159	50
1644	238	2083
1645	238	2097
1646	185	2296
1647	139	2463
1648	238	2597
1649	271	619
1650	295	1389
1651	156	3112
1652	185	112
1653	234	2694
1654	176	388
1655	185	1024
1656	238	492
1657	200	1255
1658	176	2642
1659	176	2716
1660	238	468
1661	195	1072
1662	271	1073
1663	176	252
1664	140	755
1665	65	907
1666	176	2115
1667	248	2608
1668	144	2831
1669	245	2864
1670	9	2086
1672	9	2087
1673	92	809
1674	238	1470
1675	176	1903
1676	206	797
1677	251	1220
1678	160	49
1679	206	829
1680	176	1956
1682	261	2825
1683	176	1252
1684	64	2207
1685	251	2407
1686	297	108
1687	213	144
1688	272	714
1689	97	1221
1692	275	1863
1693	275	2172
1694	277	2279
1695	277	2280
1696	238	2308
1697	2	2457
1698	251	2318
1699	176	2732
1700	238	420
1702	57	1635
1703	176	1776
1704	176	2378
1705	34	2874
1706	233	395
1707	176	971
1708	251	3111
1710	251	548
1711	297	1312
1712	297	1246
1713	176	574
1714	43	836
1715	238	625
1716	185	1229
1717	251	451
1718	238	2325
1719	238	2343
1721	238	2841
1722	238	721
1723	238	983
1724	206	1575
1725	176	2719
1726	176	2120
1727	238	1733
1728	259	1991
1730	264	1128
1731	280	2620
1732	251	999
1733	251	1430
1734	94	786
1735	282	1830
1736	200	1294
1737	1	1164
1738	1	1077
1739	1	817
1741	127	386
1742	95	994
1743	233	1253
1744	160	1330
1745	63	2603
1746	238	977
1748	185	2697
1749	216	1491
1750	238	1503
1751	1	2060
1752	238	2698
1753	259	231
1754	133	2838
1755	251	1739
1757	126	995
1758	278	99
1759	261	2341
1760	176	660
1761	238	304
1762	243	454
1763	185	653
1764	206	2829
1765	238	397
1767	234	464
1768	295	1445
1769	234	2063
1770	62	2391
1771	62	2392
1772	103	3050
1773	238	1798
1774	1	1028
1776	1	1620
1777	1	1654
1778	277	2324
1779	1	2832
1780	238	581
1781	271	1359
1782	238	1923
1783	176	289
1784	287	826
1788	3	2261
1789	234	1926
1790	206	220
1791	295	404
1792	238	1435
1793	234	119
1794	295	1594
1796	238	2422
1797	238	2799
1798	195	446
1799	176	480
1800	295	613
1801	271	656
1802	271	657
1803	271	2326
1804	216	835
1806	64	935
1807	271	1085
1808	176	1103
1809	275	2193
1810	297	2425
1811	176	2760
1812	64	2005
1814	191	3113
1815	176	2354
1816	291	2061
1817	210	2625
1818	144	2388
1819	190	1849
1820	96	2298
1821	191	1639
1822	238	927
1823	176	2885
1825	176	1789
1826	283	725
1827	185	2171
1828	206	1423
1829	238	915
1830	176	2939
1831	213	1362
1833	238	1629
1834	238	164
1835	176	799
1836	261	1807
1837	144	2215
1838	295	969
1840	185	616
1841	200	1323
1842	73	1669
1843	295	2211
1844	295	2213
1845	296	2871
1846	185	3091
1847	238	2965
1848	238	866
1850	124	48
1851	238	2652
1852	176	1872
1853	251	2456
1854	297	1482
1855	295	2355
1856	176	1446
1857	234	21
1858	238	1619
1859	238	1752
1861	274	2570
1862	92	3099
1863	185	94
1864	176	1756
1865	176	2480
1866	176	1263
1867	238	322
1869	238	1774
1870	261	1516
1871	238	564
1872	262	1785
1873	251	1778
1874	238	1189
1875	176	1948
1876	206	2536
1877	238	1969
1878	206	2521
1880	238	2379
1881	295	956
1882	295	1469
1883	251	2654
1884	10	1820
1885	238	207
1886	251	614
1887	64	226
1888	187	993
1889	238	2381
1890	238	645
1891	238	2197
1892	238	2
1893	92	878
1894	145	2883
1895	238	1001
1896	254	2374
1897	238	2910
1899	176	789
1900	264	1321
1901	256	2460
1902	185	64
1903	238	880
1904	238	1328
1905	238	1753
1906	185	2740
1908	176	405
1909	176	697
1910	176	1144
1911	261	1188
1912	238	1204
1913	94	2481
1914	238	2680
1915	2	2769
1917	176	2818
1918	238	2924
1919	236	2932
1920	261	1288
1921	206	1136
1922	238	650
1923	176	767
1924	259	1208
1925	238	566
1927	238	2998
1928	238	1595
1929	23	24
1930	251	156
1931	188	321
1932	160	2709
1933	238	874
1934	152	942
1936	238	1723
1937	238	2082
1938	238	2870
1939	64	403
1940	238	506
1941	126	856
1942	238	933
1944	238	2415
1945	238	163
1946	185	1743
1947	124	1093
1948	250	2753
1949	176	1988
1950	238	1378
1951	238	150
1953	238	2851
1954	234	1882
1955	238	2810
1956	238	2586
1957	238	1132
1958	234	1624
1959	176	1934
1961	138	2731
1962	238	2784
1963	238	3007
1964	261	2649
1965	1	2248
1966	238	2126
1967	201	2117
1970	185	1591
1971	238	996
1972	295	726
1973	295	423
1974	287	62
1975	43	1657
1977	176	953
1978	238	680
1979	144	263
1980	238	115
1981	238	2655
1982	238	2210
1983	295	2113
1985	238	823
1986	238	505
1987	238	3123
1988	238	3089
1989	206	816
1990	295	2050
1991	176	3039
1992	295	919
1994	176	337
1995	176	685
1996	176	877
1997	206	1175
1998	238	1382
1999	238	1728
2000	177	2555
2001	176	2556
2002	295	1244
2004	238	92
2005	247	65
2006	238	2470
2007	176	3009
2008	176	3010
2009	185	1607
2010	92	2143
2011	69	400
2012	176	737
2013	251	947
2015	238	1368
2016	187	2553
2017	247	2920
2018	176	3047
2019	195	471
2020	56	1258
2021	45	1732
2022	92	1757
2023	43	2695
2024	137	1036
2026	238	691
2027	238	2052
2028	216	230
2029	273	2477
2030	1	2552
2031	43	409
2032	176	1222
2034	234	431
2035	176	781
2036	1	1836
2037	206	2798
2038	126	268
2039	176	2585
2040	144	2837
2041	238	2034
2043	238	2858
2044	238	402
2045	185	1248
2047	86	2195
2048	177	3054
2049	176	276
2050	216	384
2051	176	571
2052	187	576
2053	185	998
2054	176	798
2056	1	1530
2057	297	1741
2058	92	2345
2059	185	3093
2060	295	765
2061	238	1501
2063	206	1823
2064	176	834
2065	185	1987
2066	210	3028
2067	234	319
2068	216	1118
2069	238	3110
2071	238	2643
2072	238	1541
2073	218	1527
2074	234	1023
2075	296	669
2077	275	447
2078	176	411
2079	261	346
2080	187	140
2081	271	373
2082	106	539
2083	238	1979
2084	176	2163
2086	238	2313
2087	271	2926
2088	291	1845
2089	295	2020
2090	251	854
2091	206	753
2092	238	441
2094	238	1343
2095	176	473
2096	178	796
2097	185	117
2098	225	189
2099	297	2482
2100	38	3038
2101	296	772
2102	290	327
2104	259	309
2105	238	416
2106	94	448
2107	291	764
2108	238	2066
2110	1	2752
2111	176	2982
2112	247	1460
2113	176	3052
2114	176	1262
2115	2	1613
2117	176	3053
2118	176	2530
2119	192	715
2120	206	368
2121	176	1958
2122	160	1911
2123	160	1202
2124	160	1914
2125	160	2495
2128	144	3011
2129	138	217
2130	238	2912
2131	259	2312
2132	64	2849
2133	64	2004
2134	38	501
2135	238	890
2136	259	981
2138	185	2591
2139	96	271
2140	287	1689
2141	238	1841
2142	238	2894
2143	124	662
2144	64	2793
2145	177	2605
2147	259	5
2148	176	154
2149	206	2527
2150	238	2473
2151	185	792
2152	238	1853
2153	251	1508
2154	215	633
2155	238	535
2156	154	654
2158	64	738
2159	64	741
2160	64	739
2161	64	740
2162	64	742
2163	225	808
2164	251	846
2165	42	2774
2166	42	2775
2168	42	2776
2169	94	2337
2170	1	377
2171	286	922
2172	176	1086
2173	238	1168
2174	190	1170
2175	238	1171
2177	176	1217
2178	185	1218
2179	82	2410
2180	251	1303
2181	206	3032
2182	238	612
2183	238	2988
2184	243	1180
2186	129	1672
2187	176	1855
2188	292	2592
2189	192	1274
2190	262	1370
2191	238	1380
2192	238	1432
2194	126	758
2195	257	598
2196	176	1495
2197	292	2361
2198	251	2196
2199	273	1467
2200	185	875
2201	238	239
2202	132	1580
2204	238	1706
2205	176	1310
2206	144	2383
2207	295	2562
2208	291	768
2209	297	806
2210	131	1341
2212	176	1931
2213	96	2613
2214	142	2903
2215	185	2385
2216	238	1717
2217	176	1780
2218	238	1819
2219	271	1842
2222	185	1889
2223	206	1920
2224	238	1943
2225	257	2593
2226	185	1977
2227	295	2025
2228	185	2030
2229	176	2049
2230	297	2108
2231	238	357
2233	259	1059
2234	176	2327
2235	251	2368
2236	259	2430
2237	238	1490
2238	176	1787
2239	206	293
2240	259	879
2241	94	1032
2243	176	1366
2244	178	1955
2245	206	187
2246	176	219
2247	185	2133
2248	87	2245
2249	251	2257
2250	233	2239
2252	187	102
2253	176	1052
2254	176	18
2255	199	124
2256	206	1524
2257	185	3041
2258	176	852
2259	234	979
2261	288	2139
2262	185	782
2263	176	2516
2264	281	487
2265	259	3025
2266	238	2252
2267	185	200
2268	278	1225
2270	271	1374
2271	295	1754
2272	176	491
2273	259	1179
2274	251	1695
2275	92	2930
2276	185	2977
2277	295	1481
2278	238	1634
2280	185	617
2281	185	3040
2282	185	331
2283	176	413
2284	238	2579
2285	185	1400
2287	238	1596
2288	238	2839
2289	76	1306
2290	238	2925
2291	64	1135
2292	238	1384
2294	238	2950
2295	69	443
2296	141	1200
2297	238	1402
2298	271	1431
2299	216	1551
2301	176	1674
2302	185	1887
2303	86	265
2304	238	530
2305	176	2479
2306	176	3043
2307	238	1242
2308	200	139
2311	200	385
2312	278	1090
2313	278	1226
2314	245	1544
2315	278	2068
2316	176	2151
2318	145	2455
2319	135	2574
2320	176	2806
2321	206	1339
2322	144	784
2323	206	1675
2324	176	2382
2325	176	2578
2326	176	1326
2328	185	1957
2329	176	2914
2330	92	1848
2331	1	2523
2332	234	310
2333	176	26
2334	277	507
2335	73	1018
2336	176	1158
2338	176	1864
2339	1	2065
2340	295	2499
2341	1	2645
2342	238	2957
2343	83	1871
2344	1	1746
2346	185	1550
2347	73	978
2348	297	712
2349	238	591
2350	176	333
2351	238	116
2353	234	882
2354	73	1224
2355	238	379
2356	291	2294
2357	292	2293
2359	276	2284
2360	276	2286
2361	276	2287
2362	276	2285
2363	251	2411
2364	176	2677
2366	296	2696
2367	214	366
2368	106	298
2369	106	299
2370	106	1030
2371	278	3045
2372	243	889
2373	234	247
2374	238	1745
2375	234	746
2377	234	745
2378	297	1029
2379	297	1724
2380	241	376
2381	251	926
2382	187	2266
2383	295	1000
2384	176	2233
2385	176	2234
2387	176	2235
2388	176	2265
2389	195	586
2390	195	2881
2391	195	2880
2392	195	2879
2393	198	2001
2394	87	2246
2395	33	2438
2396	128	2674
2399	257	463
2400	223	88
2401	86	1713
2402	86	1714
2403	86	1715
2404	31	343
2405	266	147
2406	238	2016
2407	277	985
2408	271	2569
2410	43	42
2411	238	2461
2412	176	2590
2413	238	1668
2414	238	584
2415	176	477
2416	56	957
2417	56	1166
2418	234	121
2419	206	1702
2421	238	2723
2422	238	1240
2423	261	615
2424	156	122
2425	92	192
2426	195	1971
2427	295	2075
2428	56	2510
2430	247	632
2431	259	689
2432	271	1089
2433	238	2124
2434	238	2258
2435	216	2494
2436	238	325
2437	262	1665
2438	238	2717
2439	206	2899
2441	43	338
2442	216	233
2443	261	266
2444	206	422
2445	56	2511
2446	104	2848
2447	261	485
2448	238	1487
2449	238	2840
2451	145	543
2452	176	1788
2453	73	2144
2454	145	54
2455	37	2161
2456	238	1159
2457	258	618
2458	152	1083
2460	176	1526
2461	216	375
2462	63	924
2463	63	925
2464	251	1349
2465	94	1843
2466	94	1844
2467	94	426
2468	1	2833
2470	125	828
2471	2	1162
2472	176	1353
2473	152	1727
2474	152	1797
2476	291	2397
2477	56	2512
2478	56	2513
2479	216	672
2480	176	1531
2481	195	2469
2482	176	481
2483	176	2538
2484	247	381
2485	238	2147
2487	238	1213
2488	238	1022
2489	297	840
2490	86	3106
2491	185	562
2492	238	997
2493	288	3080
2494	295	3027
2495	144	2214
2498	247	138
2499	86	1053
2500	238	1195
2501	176	1227
2502	19	1562
2503	297	1711
2504	2	2549
2505	261	2927
2506	176	3023
2508	259	3048
2509	261	437
2510	176	904
2511	238	1440
2512	176	1696
2513	238	2055
2514	185	2099
2515	176	2761
2517	176	2043
2518	251	1131
2519	238	3096
2520	251	205
2521	238	649
2522	276	1324
2523	86	2623
2525	199	2278
2526	176	2464
2527	271	355
2528	275	428
2529	127	461
2530	295	679
2531	54	1525
2532	271	2173
2533	271	2174
2534	271	2175
2536	271	2283
2537	43	67
2538	271	2564
2539	238	2684
2540	238	141
2541	176	855
2542	271	1406
2543	259	2543
2544	295	2639
2545	176	1396
2546	176	2765
2547	238	2834
2548	251	66
2549	251	56
2550	295	367
2551	176	521
2552	234	923
2554	215	2089
2555	176	2352
2556	176	32
2557	292	525
2558	33	1155
2559	184	2093
2560	238	101
2561	176	1963
2562	176	1961
2564	238	2101
2565	262	2522
2566	238	2715
2567	214	514
2568	206	644
2569	23	2726
2570	291	3107
2571	1	185
2573	234	237
2574	176	453
2575	176	658
2576	206	1686
2577	238	2678
2578	23	1317
2580	212	2042
2581	238	2594
2582	233	3003
2583	233	3008
2584	185	105
2585	43	234
2588	185	659
2589	185	841
2590	238	1182
2591	238	2954
2592	215	2938
2593	271	2953
2594	206	3090
2596	245	702
2597	176	308
2598	185	274
2599	234	253
2600	238	460
2601	238	1133
2602	238	2348
2603	271	1291
2604	271	1289
2605	271	1292
2607	239	948
2608	176	267
2609	176	339
2610	275	2365
2611	176	2116
2612	176	2700
2613	138	2983
2614	138	944
2615	195	31
2616	176	246
2618	271	655
2619	275	1444
2620	291	1567
2621	271	1568
2622	259	2176
2623	292	2435
2625	176	241
2626	71	1112
2627	295	1111
2628	176	1796
2629	238	2356
2630	238	2836
2631	238	2922
2632	259	631
